Image_Number,Name,DOB,Gender,Address,Phone_Number
Image 1,Adrian Mitchell,14-05-1992,Male,"740 Collins Shores, Meganville, Liberia",9974 1473 5629
Image 2,David Owens,18-04-2007,Male,"294 Patterson Fields, New Robertburgh, Dominican Republic",9751 7588 4474
Image 3,Eric Jackson,22-01-1970,Female,"790 Sanchez Wells Apt. 745, Brendanport, Tajikistan",9335 1574 9341
Image 4,Lisa Brewer,22-02-1979,Male,"0919 Delgado Courts Apt. 187, Patrickshire, Hong Kong",9815 4125 2574
Image 5,Marie Johnson,30-06-1979,Male,"8643 Fisher Ranch Suite 569, North Diamondshire, Chad",9082 3163 2175
Image 6,Suzanne Moran,20-06-1974,Male,"9128 Snyder Villages Suite 285, Bruceborough, Brunei Darussalam",9842 1241 8501
Image 7,Heather Barron,19-09-1998,Male,"882 Coleman Highway, New Jacqueline, French Polynesia",9388 2211 4151
Image 8,Melissa Herrera,26-01-1989,Male,"7729 Teresa Walks Apt. 922, Lake Benjamin, Bouvet Island (Bouvetoya)",9719 8827 8097
Image 9,Sheryl Holmes,01-10-1990,Female,"548 Tina Heights, Port Sarahburgh, Iceland",9583 6303 1038
Image 10,Karen Jackson,31-07-2004,Male,"810 Joseph Heights, Smithhaven, Guatemala",9453 1095 1321
Image 11,Mr. Gabriel Combs,17-03-1990,Female,"14915 Bauer Fort, South Zachary, United States Minor Outlying Islands",9902 9854 9291
Image 12,Cathy Reid,23-02-2001,Male,"59202 William Manor, East Tammy, Honduras",9671 4416 8771
Image 13,Daniel Evans,11-11-1983,Female,"645 Estes Lodge, South Charlotte, Kyrgyz Republic",9616 4236 2833
Image 14,Sandra Maxwell,09-01-2006,Female,"76296 Michael Locks, East Rachel, Guernsey",9850 6281 3459
Image 15,Sara Harmon,13-08-1977,Male,"690 Henderson Street, Williamsberg, Ghana",9884 8319 6446
Image 16,Autumn White,19-01-1977,Female,"5739 Wiggins Trafficway, Colemouth, Australia",9978 9136 3297
Image 17,Sherri Taylor,07-07-1988,Male,"105 Johnson Stream, Williamland, Iceland",9132 2808 7235
Image 18,Laura Garner,25-06-2007,Male,"49380 Blanchard Estates Apt. 513, Cantuton, Nigeria",9216 9102 7214
Image 19,Jacob Rodriguez,03-06-1981,Female,"8210 Julia Junction Suite 377, Bowenshire, French Southern Territories",9244 8958 1577
Image 20,Christina Black,20-01-2004,Female,"986 Schaefer Loop Apt. 347, Rickyview, Venezuela",9370 7843 8323
Image 21,Stephanie Atkins,02-03-1985,Male,"8355 Lindsey Viaduct Suite 924, East Kathrynfurt, Ukraine",9977 7079 1225
Image 22,Timothy Mathis,01-07-2005,Male,"3325 Samantha Overpass, New Paulmouth, South Georgia and the South Sandwich Islands",9240 3886 3607
Image 23,Susan Smith,19-06-1977,Male,"0828 Gabriela Hollow Apt. 325, Batesfurt, Norfolk Island",9066 2682 4206
Image 24,Richard Chang,05-02-1985,Female,"589 Clark Divide, Smithmouth, Kenya",9255 2191 9988
Image 25,Christopher Wong,17-03-2003,Male,"531 Emily Valleys Apt. 992, Williamburgh, Hong Kong",9723 9659 3294
Image 26,Rebecca Mcfarland,22-07-1991,Female,"186 Bell Rapids Suite 158, Timothyberg, Russian Federation",9790 6717 5988
Image 27,Sarah Steele,20-03-1997,Female,"477 Brandon Mount Apt. 948, North Matthew, France",9230 7174 2591
Image 28,Andrea Rios,09-07-1989,Female,"3395 Hayes Lakes Suite 247, Jamesborough, Brunei Darussalam",9123 7260 9252
Image 29,Veronica Byrd,23-07-1974,Male,"229 Summer Expressway Apt. 584, Port Jason, Liechtenstein",9539 3260 1381
Image 30,Seth Baker,14-02-1979,Male,"967 Mark Shoal, West Christiantown, French Polynesia",9546 4888 2626
Image 31,Thomas Garrett,21-12-1980,Female,"99977 Jared Stravenue Suite 978, Cisneroshaven, Ethiopia",9988 4713 5105
Image 32,Carla Holland,06-12-2005,Male,"77582 Griffin Lake, New Linda, Mozambique",9841 8226 9139
Image 33,Marcus Christian DDS,04-03-1990,Female,"7746 Moore Pass, South Denise, Ecuador",9965 7660 5931
Image 34,Anne Smith,23-02-2000,Male,"9949 Fernandez Tunnel Suite 740, Port Robert, Gabon",9283 3441 6461
Image 35,Cynthia Torres,28-08-1996,Male,"211 Thomas Court Suite 125, Goodwinchester, Zambia",9188 4154 6849
Image 36,Rebecca Hayes,30-05-1987,Male,"64091 Tyler Tunnel Suite 263, Barbermouth, United Kingdom",9974 1307 5970
Image 37,Kristin Kidd,16-05-2007,Female,"4538 Kristin Shores, Kristenmouth, Brunei Darussalam",9865 8995 6029
Image 38,Michael Duffy,03-09-1968,Female,"1206 Deborah Ridges, South Sarahville, Belize",9010 4173 3497
Image 39,Angela Snyder,29-11-1966,Female,"8886 Joann Mill Suite 731, Conleyburgh, Benin",9678 5116 4269
Image 40,Derrick Miller,17-11-1985,Female,"73932 Davis Shoals, West Kristi, Uruguay",9437 7271 9149
Image 41,Kevin Hill,04-06-2000,Female,"4569 Christopher Fall, Moorechester, Brazil",9320 8237 3155
Image 42,Danielle Brown,16-11-1994,Female,"3499 Barnes Shoals Suite 959, Garretttown, Cuba",9465 9214 5485
Image 43,Laura Romero,21-02-1982,Male,"19380 French Ramp Apt. 482, Port Kayla, Heard Island and McDonald Islands",9272 5555 3288
Image 44,Michael Diaz,24-03-1973,Female,"0049 Martin Ford Apt. 003, Rodgerschester, United States Virgin Islands",9555 4757 1789
Image 45,Eric Lewis,16-10-1976,Female,"48902 David Fords, Sandrafurt, Uzbekistan",9183 5010 7706
Image 46,Angela May,22-01-1988,Male,"2588 Jamie Knolls, South Phillip, Hungary",9098 3297 8762
Image 47,Curtis Gonzales,15-04-1966,Female,"890 Meza Keys, West Kristin, Solomon Islands",9623 3580 9472
Image 48,Gloria Benton,07-08-1994,Male,"24850 Olivia Village Apt. 468, Joshuaborough, Italy",9436 7949 6072
Image 49,Kevin Reyes,19-11-1976,Male,"75925 Harris Prairie Apt. 220, Lake Randall, Ecuador",9957 9561 7316
Image 50,Angela Davis,03-02-1967,Male,"132 Knight Mews Apt. 212, North Joseph, Norfolk Island",9243 8198 3575
Image 51,James Hubbard,01-03-1983,Male,"9395 Hobbs Highway, North Misty, Gambia",9502 3397 5130
Image 52,Virginia Dodson,20-08-1997,Female,"3651 Palmer Way, Lake Melissa, Niger",9492 7555 9816
Image 53,James Decker,16-07-1967,Female,"76037 Bradley Meadows, South Michelle, Haiti",9164 6850 1065
Image 54,Justin Anderson,13-11-1998,Male,"1355 Roberts Shore Apt. 816, Lake Elizabeth, Turkey",9284 3558 4896
Image 55,Richard Daniels,28-06-1986,Male,"08243 West Hill, West Jessicafort, Fiji",9587 5344 7290
Image 56,Michael Johnson,25-07-2004,Male,"13067 Greene Haven, Port Kristenland, Myanmar",9027 2523 7922
Image 57,George Joseph,19-02-1978,Female,"53831 Johnson Plaza Suite 433, Lake Laurenport, Mauritius",9213 4415 7633
Image 58,Marcus Vazquez,31-07-1991,Female,"41666 Kenneth Underpass, North Charleschester, Congo",9975 6222 5900
Image 59,Dr. Adam Harrell,28-06-1968,Male,"63023 Ashley Centers Suite 838, West Gregoryside, Croatia",9654 8051 8072
Image 60,Megan Ward,09-01-1986,Male,"393 David Skyway Suite 286, Kingview, Gibraltar",9555 1067 8950
Image 61,Megan Rodriguez,25-07-2005,Female,"527 White Parkway, Hancockside, Holy See (Vatican City State)",9106 5187 1299
Image 62,Johnny Randolph,20-01-1968,Female,"86200 Vasquez Shore Apt. 815, West Brian, Mexico",9607 7093 9066
Image 63,Regina Edwards,09-05-1971,Male,"839 Daniels Mount Suite 506, New Aprilville, Georgia",9255 1414 6246
Image 64,Ricky Hardin,05-10-1989,Female,"407 Smith Cliff Suite 956, Gomezmouth, Russian Federation",9593 7191 9074
Image 65,Desiree Mendez,29-07-2007,Male,"37705 Jessica Harbor Suite 341, Colefort, Cocos (Keeling) Islands",9054 1476 8054
Image 66,Monica Moreno,04-07-1984,Female,"5505 Jason Flat Suite 805, North Richardborough, Mexico",9982 5141 5727
Image 67,Theresa Baker,17-09-1994,Female,"5959 Powell Flats Apt. 975, Mcmillanville, Iraq",9066 8444 9386
Image 68,Melissa Fitzpatrick,20-01-1980,Female,"066 Lucero Loop Apt. 146, North Lesliehaven, Cote d'Ivoire",9373 3878 9215
Image 69,Trevor Alvarado,17-05-1998,Male,"521 Ho Light Apt. 237, Davisburgh, Morocco",9759 9210 5444
Image 70,Krista Benson,06-12-1974,Male,"6510 Timothy Loop Suite 418, Joneston, Suriname",9473 2773 5310
Image 71,Shane Little,01-05-2004,Female,"906 Brown Street, Nunezfort, Montenegro",9107 3670 1213
Image 72,Christine Adams,26-06-1988,Female,"6189 Walter Island Suite 143, West Julie, Russian Federation",9220 3396 2830
Image 73,Pamela Vargas,12-04-2007,Male,"4310 Brooks Trace Apt. 167, Vasquezton, Lithuania",9893 7333 4518
Image 74,Zachary Page,08-11-2001,Female,"57079 Cameron Spurs Apt. 676, Lake Javierchester, Mauritius",9462 4340 5279
Image 75,Makayla Castro,09-09-2003,Female,"870 Sarah Forges Suite 847, South Nathan, Luxembourg",9234 3239 3324
Image 76,Michael Costa,02-06-1983,Male,"357 Williams Ramp, Lake Joshua, Trinidad and Tobago",9787 3329 9657
Image 77,Thomas Fritz,07-03-1968,Male,"171 Guerrero Drives Suite 601, New Joel, United States Virgin Islands",9247 1263 9952
Image 78,Emily Thompson,07-07-1990,Male,"11257 Sanchez Stream Apt. 998, South Stevenview, Monaco",9844 2442 9424
Image 79,Angelica Wilson,15-10-1977,Female,"3757 Amy Manors, South Nicholas, Antigua and Barbuda",9807 4368 6399
Image 80,Elijah Robinson,03-10-1985,Female,"2661 Bryan Hill Apt. 832, Rodriguezview, Mayotte",9153 1355 9050
Image 81,Cheryl Lopez,10-08-1979,Male,"6883 Marcus Burg, Carolmouth, Libyan Arab Jamahiriya",9108 1856 3473
Image 82,Nicole Cruz,27-05-1983,Female,"003 Jones Field Apt. 090, South Michelle, Burkina Faso",9171 2511 8210
Image 83,Kara Clark,26-12-1972,Female,"8128 Theresa Terrace Suite 432, Washingtonton, Timor-Leste",9179 5199 1435
Image 84,Denise Cross,24-03-1982,Male,"028 Jay Lane Apt. 972, Martinezmouth, Zambia",9205 3862 1818
Image 85,Anne Parks,30-11-1981,Male,"86681 Marcus Estates, New Jeffreychester, United Kingdom",9438 1061 4432
Image 86,Angel Brown,27-10-1974,Male,"942 Casey Springs Apt. 624, Rachelport, Turks and Caicos Islands",9965 2551 2409
Image 87,Gregory Roberson,15-12-2001,Male,"64963 Chelsea Glen, New Katrinaborough, Singapore",9211 4381 9417
Image 88,Angela Ayers,04-11-1991,Male,"96186 Marcus Meadows Suite 969, Smithberg, Faroe Islands",9986 4313 5984
Image 89,Brittany Preston,24-10-1976,Male,"19483 Wyatt Inlet Suite 821, North Marc, Canada",9395 7793 7732
Image 90,Carla Nicholson,09-10-2004,Male,"9505 Shawn Square Apt. 552, North Nicholasfurt, Nauru",9678 2703 2337
Image 91,Tonya Henson,31-12-1969,Male,"220 Brenda Crossroad Apt. 091, Doughertychester, Guinea-Bissau",9668 4863 1544
Image 92,Erica Rowe,11-10-1973,Female,"9184 Sharon Valley, North Thomas, Norway",9484 1163 7391
Image 93,Erica Chandler,31-07-2006,Female,"060 Pena Fords, South Eric, Bahamas",9053 7924 8783
Image 94,Robert Smith,01-11-1996,Male,"18995 Alicia Pine, East Scott, Falkland Islands (Malvinas)",9805 6435 1234
Image 95,Thomas Stokes,17-07-1988,Female,"1973 Rodriguez Bridge, Michaelmouth, Kuwait",9387 7490 7662
Image 96,Rebecca Hudson,19-02-1994,Male,"10250 Williams Harbors Apt. 010, Lake Patrickfurt, Israel",9972 1298 8076
Image 97,Jessica Levine,01-08-1979,Female,"3985 Eric Well, Greenfort, Timor-Leste",9607 6095 8585
Image 98,Nicole Jackson DVM,03-10-1991,Male,"475 Matthew Stream, Port Rebeccastad, Seychelles",9828 2566 9613
Image 99,Stephanie George,23-05-2000,Female,"02227 Watkins Fall Suite 066, West Donland, Cayman Islands",9836 4946 1040
Image 100,Meagan Yates,16-04-1992,Female,"9110 Gray Common Apt. 345, Cookeborough, Burundi",9743 7989 9369
Image 101,Richard Morgan,13-02-1994,Male,"14598 Cole Walks, Angelastad, United States Minor Outlying Islands",9939 8905 2252
Image 102,Mary Horne,16-05-1997,Female,"403 Doyle Well Suite 795, Castillomouth, Saint Lucia",9252 6049 8496
Image 103,Samuel Knight,05-05-2000,Male,"6517 Williams Place Suite 395, North Alexanderstad, Sweden",9874 6576 5748
Image 104,Scott Moreno,24-02-1981,Male,"4630 Evan Grove, East Tara, Iran",9796 5545 3484
Image 105,Robin Thomas,27-05-2000,Male,"7284 Bishop Path, South Michaelview, Puerto Rico",9634 3639 2062
Image 106,Nichole Davis,09-12-1976,Male,"777 Pamela Square, Cynthiaberg, Bermuda",9687 4628 6004
Image 107,Michelle Santiago,14-10-1990,Male,"7455 Waters Track Suite 495, Lake Linda, Faroe Islands",9611 9121 2110
Image 108,Jeffrey Mata,21-12-1988,Female,"295 Marquez Harbors, Blevinsshire, Antarctica (the territory South of 60 deg S)",9665 6168 5360
Image 109,Kathryn Watkins,25-02-2006,Male,"486 Eric Fields, Caldwelltown, Guyana",9975 9278 4602
Image 110,Sarah Stanley,05-01-1990,Female,"32842 Elizabeth Port, East Lisa, Algeria",9321 7649 8743
Image 111,Edward Smith,16-09-2005,Female,"629 Penny Station Apt. 236, Smithshire, Egypt",9017 5225 1880
Image 112,Kayla Thomas,13-06-1975,Male,"3712 Ryan Lodge, Bradfordstad, Hungary",9271 6018 8841
Image 113,Marcus Summers,02-10-1967,Female,"164 Mclaughlin Haven Apt. 125, Troyside, Peru",9994 5225 2926
Image 114,Danielle Williams,03-11-1982,Female,"41995 Taylor Squares, Wallaceshire, Djibouti",9380 3892 6739
Image 115,Sylvia Archer,24-10-1993,Female,"05684 Susan Stravenue Suite 562, Justintown, Turks and Caicos Islands",9807 4470 5773
Image 116,Keith Bruce,23-10-1984,Male,"3659 Ray Heights Apt. 933, Johnsonbury, Egypt",9655 6083 8334
Image 117,Peter White,23-09-1974,Female,"303 White Shoal Apt. 570, Coreyborough, Italy",9343 4601 7483
Image 118,Megan Walker,29-01-1970,Male,"21096 Faith Mount Apt. 604, Harrisside, Lao People's Democratic Republic",9552 3061 6664
Image 119,Mary Lozano,13-12-1967,Male,"19155 Joshua Lights Suite 821, Johnfurt, Thailand",9255 4650 7136
Image 120,Michael Davis,20-04-1991,Male,"26415 Jose Grove Suite 748, Phillipsland, Netherlands",9165 4590 9398
Image 121,Todd Ramos,26-01-2001,Male,"742 Savannah Summit Suite 563, Lake Nicole, India",9285 8762 4209
Image 122,Jennifer Pugh,08-02-1973,Female,"670 Dawn Creek, North Jocelyn, Netherlands",9927 1522 4627
Image 123,Amy Garcia,20-09-2005,Female,"982 Edwards Locks Suite 306, New Tammyfurt, Panama",9664 6311 4297
Image 124,Denise Stephens,21-06-1972,Male,"89609 Perkins Summit Suite 213, Robinland, Dominican Republic",9767 2775 9840
Image 125,Gary Roberts,01-10-1994,Female,"81249 Campbell Shoals, Freyshire, Latvia",9752 4872 4360
Image 126,Anita Leblanc,24-06-1970,Female,"813 Bass Glen, North Barbara, Saint Vincent and the Grenadines",9903 2842 6478
Image 127,Paula Mercado,09-04-2002,Male,"13441 Simmons Lock Suite 159, Port Rebeccaport, Lebanon",9900 7458 9273
Image 128,Angela Flores,19-11-1997,Female,"260 Eaton Hollow, East Michael, South Georgia and the South Sandwich Islands",9712 1853 2433
Image 129,Mark Jones,03-05-1974,Male,"0223 Daniel Row, Ashleymouth, Bangladesh",9040 7090 2602
Image 130,Anthony Sanders,26-08-1972,Female,"1621 Mclaughlin Bypass, North Patrickside, China",9992 2664 3553
Image 131,Angelica Bell,06-11-1975,Male,"754 Dustin Streets Suite 537, Port Danielleborough, Egypt",9226 7466 8961
Image 132,Alejandro Foster,21-11-1986,Female,"25101 Taylor Park, West Richardhaven, Paraguay",9545 9581 9550
Image 133,George Adams,28-12-1983,Female,"5767 Nancy Junctions Suite 057, Port Gabrielle, El Salvador",9478 1826 7444
Image 134,Barbara Harvey,18-07-2005,Male,"1055 Simpson Highway Apt. 882, New Patrick, Qatar",9157 3894 8322
Image 135,Susan Hernandez,19-08-1980,Female,"8739 Munoz Mill, Westmouth, Heard Island and McDonald Islands",9784 8482 8726
Image 136,Michael Lopez,01-04-1980,Female,"7026 Williams Manors, West Benjaminshire, Canada",9277 5650 1571
Image 137,Kyle Scott,08-10-1979,Female,"0995 Davis Mountains Apt. 718, West Richard, Seychelles",9134 5987 1232
Image 138,Mr. Kenneth Rodriguez,12-10-1967,Female,"0424 Solis Square Apt. 079, West Jason, Cook Islands",9189 8439 7384
Image 139,Jason Lopez,31-10-2006,Male,"751 Charles Villages Apt. 328, Boltonfurt, Nicaragua",9915 7257 2628
Image 140,Robert Cohen,05-06-1999,Male,"5522 Cortez Rue, Lake Lindabury, Grenada",9738 3176 6630
Image 141,Jessica Anderson,14-12-2001,Female,"6194 Gray Rest, Coreyfurt, Western Sahara",9954 5203 4580
Image 142,Kimberly Lyons,04-08-1997,Male,"8222 Denise Terrace, Edwardsfort, Christmas Island",9350 4006 1921
Image 143,Parker Ryan,07-05-1965,Female,"713 Gardner Hills, South Shirley, Dominican Republic",9233 7380 5395
Image 144,Cristina Black,28-07-2004,Female,"56688 Bernard Overpass Suite 609, Kimberlymouth, Latvia",9427 7051 4158
Image 145,Jonathon Figueroa,25-09-1966,Female,"8105 Jeffery Estate Suite 705, East Judybury, Tajikistan",9463 5006 5071
Image 146,Cheryl Steele,17-08-1970,Male,"488 Wolfe Forges, North Jessicatown, Central African Republic",9188 5263 8025
Image 147,Melissa Wall,27-11-2003,Male,"2538 Townsend Throughway, Phamfort, Papua New Guinea",9549 2709 2152
Image 148,William Wilson,22-11-2003,Male,"1056 Andrea Brook Suite 860, Geraldside, Albania",9124 4254 2381
Image 149,Deborah Navarro,05-09-1987,Female,"316 William Turnpike Apt. 383, West Michael, New Caledonia",9218 6483 3244
Image 150,Charlotte Guerrero,19-12-1998,Male,"14458 Kathy Ferry Suite 932, Hernandezton, Central African Republic",9846 8762 1738
Image 151,Ashley Long,27-07-1980,Female,"6984 Patterson Oval Suite 840, Edwardsberg, French Polynesia",9133 8256 4180
Image 152,Colton Rogers,18-10-2004,Female,"698 Lucero Junctions Suite 548, Laurenberg, Bermuda",9130 2827 5701
Image 153,Robert Smith,27-05-1977,Female,"91172 Brianna Canyon Suite 969, Jenkinsmouth, Benin",9613 2739 6700
Image 154,Brandon Johnson,16-03-1988,Male,"74918 Morales Rue Suite 472, Port Davidland, Colombia",9078 2924 8790
Image 155,Veronica Solomon,11-06-1972,Male,"510 Simmons Drive Suite 752, East Amy, Georgia",9444 1429 9135
Image 156,Kelsey Chavez,05-04-1991,Female,"56537 Michael Parkways Suite 015, Estradaborough, Namibia",9778 4935 4310
Image 157,James Salazar,02-12-1993,Female,"762 Ryan Groves Suite 667, West Chad, Martinique",9708 9294 1527
Image 158,Elizabeth Wilson,04-01-1976,Male,"7623 Michael Trail Suite 571, Denisefurt, Oman",9770 9335 9553
Image 159,Brian Jensen,13-07-1971,Male,"4534 Crystal Pike Apt. 620, Connerland, Jordan",9941 9711 6659
Image 160,Bobby George,26-07-2003,Female,"90837 Powell Cape Apt. 973, Port Patriciatown, Finland",9034 9183 8713
Image 161,Megan Herrera,09-09-1971,Female,"823 Margaret Spurs Suite 968, North Jamesshire, Palau",9329 1606 5136
Image 162,Cynthia King,22-11-1967,Female,"6891 Jones Points, North Melanieshire, Pakistan",9310 4948 8919
Image 163,Pamela Knight,02-06-1995,Female,"952 Mason Stravenue Apt. 269, Weaverland, Niue",9240 2385 1517
Image 164,Tom Calderon,28-01-1993,Male,"9120 Morris Brook, Port Austin, United States of America",9883 1812 7440
Image 165,Nicole Edwards,23-06-2007,Female,"6922 Samuel Street Apt. 390, Petersonmouth, Swaziland",9022 5406 2901
Image 166,Laurie Simpson,25-08-1995,Male,"409 James Fort, Haleyborough, Mexico",9544 7949 8628
Image 167,Julia Garrett,22-05-1984,Male,"52649 Johnson Fort Apt. 088, North Anne, South Georgia and the South Sandwich Islands",9876 6814 2715
Image 168,Kevin Ingram,17-04-1988,Female,"822 Cheryl Shoal Apt. 017, North Anthonyville, Guadeloupe",9212 8016 3545
Image 169,Michele Pearson,30-11-2004,Male,"313 Berry Fork Apt. 837, Sarafort, Luxembourg",9112 2387 2104
Image 170,Terri Morris,28-08-1982,Male,"1506 Stephen View, North Anthony, Niue",9120 9557 4158
Image 171,Michael Stone,08-03-1979,Male,"1206 Griffith Lake Suite 646, Sweeneyfort, Nigeria",9727 5422 6795
Image 172,Meredith Young,08-10-1988,Male,"96868 Jimmy Spurs, Carlosbury, Swaziland",9419 5209 1861
Image 173,Nicolas Powell,23-05-2006,Male,"5813 Joshua Field Suite 634, Alexandermouth, Bangladesh",9533 6945 6657
Image 174,James Cox,04-05-1983,Male,"0311 Rachel Prairie Apt. 915, Gibsonbury, Azerbaijan",9415 2599 7206
Image 175,Fernando Smith,23-08-2005,Female,"60930 Fisher Haven Suite 829, Timothyshire, Armenia",9089 1243 8215
Image 176,Rachel Jones,26-01-1985,Female,"393 Nicholas Rapids, Tylerhaven, Nauru",9704 1767 7316
Image 177,Allison Higgins,05-10-1989,Female,"65231 Joseph Expressway, Andreashire, Brunei Darussalam",9838 8199 2883
Image 178,Latoya Warren,11-09-1968,Female,"508 Pamela Circles, East Garyhaven, Wallis and Futuna",9629 9449 4046
Image 179,Evan Valentine,17-02-2006,Female,"9291 Smith Street Suite 467, East Sherryborough, Iraq",9601 6063 1934
Image 180,Sandra Nguyen,08-02-1995,Female,"794 Melissa Crescent Apt. 618, West Raymondborough, Mexico",9366 9675 5751
Image 181,Jodi Johnson,19-01-1976,Male,"07580 Sanchez Highway Suite 164, Caitlinchester, Belize",9747 3121 6219
Image 182,Richard Hampton,09-03-1982,Male,"31770 Boyd Plains, North Edwardmouth, Antigua and Barbuda",9023 8480 8406
Image 183,Melanie Wilson,01-09-1985,Female,"6318 Adam Views Suite 102, Beckyville, Turks and Caicos Islands",9143 6225 7953
Image 184,Nicholas Ramirez,05-10-1993,Female,"1674 Donna Pike, Meganborough, Faroe Islands",9243 8623 9591
Image 185,James Bailey,19-07-1981,Female,"1020 Adam Neck Suite 015, Port Alicia, British Virgin Islands",9007 8624 1753
Image 186,Bryan Estrada,07-06-1981,Male,"4216 Perry Fields, East Annette, Lebanon",9853 2153 2001
Image 187,Jennifer Andrade,22-10-1969,Female,"975 Lawrence Crossing, Lonniechester, Samoa",9827 5420 7649
Image 188,John Franklin,22-10-1971,Female,"210 Bush Prairie Suite 069, Ballfort, Denmark",9682 8532 6878
Image 189,Ms. Stephanie Roberson,27-03-2003,Female,"530 Bradley Loop, North Mikeland, Belarus",9886 4420 6791
Image 190,Brandon Cox,29-11-1983,Female,"88785 Brian Via Apt. 026, Christinaburgh, Burkina Faso",9654 6807 1662
Image 191,Penny Turner MD,08-09-1989,Female,"681 Sean Rue Apt. 154, Aaronbury, Poland",9784 3929 3196
Image 192,Jose Howard,15-11-2001,Female,"023 Thomas Harbor, North Ronaldview, Cayman Islands",9003 1565 6961
Image 193,Crystal Coleman,28-12-1972,Male,"9855 Christensen Underpass Suite 211, Parkerville, Madagascar",9078 5854 7393
Image 194,Melanie Schaefer,24-04-1993,Female,"00992 Charles Drives Suite 789, Josephview, Guernsey",9964 1332 1986
Image 195,Susan Clark,10-11-1968,Female,"3317 Wilson Terrace Apt. 369, Deborahstad, Falkland Islands (Malvinas)",9169 5169 4867
Image 196,Mario Wells,19-07-1968,Female,"74382 Carol Corners Suite 712, Derrickshire, Gibraltar",9494 7447 9470
Image 197,Linda Hodge,26-03-1995,Male,"2050 Jessica Mount Apt. 378, South Christopher, Mauritania",9428 9654 1929
Image 198,Melissa Herman,18-05-1995,Male,"4092 Watson Expressway, South Sophiaport, Switzerland",9870 7300 7253
Image 199,Gloria Martin,12-04-1984,Female,"731 Nicholas Underpass, Lake Jamestown, Saint Vincent and the Grenadines",9037 7547 2452
Image 200,Justin Miller,03-10-1973,Male,"95138 Sierra Groves Suite 215, New Christophertown, Tonga",9056 7688 2514
Image 201,Maureen Owens,17-05-1990,Female,"509 Shari Point Apt. 852, Andrewport, Slovenia",9984 6248 8613
Image 202,Victoria Jacobs,18-08-1966,Female,"6859 James Groves Apt. 421, Port Jesseview, Comoros",9161 5871 3485
Image 203,David Collins,15-09-2003,Male,"74451 Castro Keys Apt. 385, Jasonside, Moldova",9247 6404 3802
Image 204,David Rowland,15-10-2004,Male,"6393 Brown Club Suite 182, East Alexandrafort, Bhutan",9507 3541 7653
Image 205,Patrick Hernandez,22-10-1999,Female,"329 Calvin Mountains, Larsonstad, Poland",9037 8012 4196
Image 206,Kenneth Crane,03-10-1982,Male,"989 Freeman Route Apt. 521, East Travisport, Guinea-Bissau",9430 8262 2941
Image 207,Daniel Manning,19-03-1974,Female,"90058 Gail Burgs Apt. 876, Nataliemouth, Andorra",9519 9401 3037
Image 208,Kelly Blanchard,22-01-1996,Male,"543 Gary Trail, Port Carrie, China",9333 3339 7259
Image 209,Joseph Tran,30-05-1975,Male,"926 Darius Rest Suite 141, Jamesstad, Spain",9623 4362 6434
Image 210,Brent Gregory,16-12-1966,Female,"723 Eric Square, North Natalieburgh, Spain",9848 7977 8494
Image 211,Michael Allen,17-09-1998,Female,"7590 Morrison Trafficway Apt. 954, North Tylerchester, Belarus",9178 4565 2301
Image 212,Miguel Taylor,09-03-1993,Female,"63035 Perez Union, North John, Afghanistan",9713 5165 5132
Image 213,Kimberly Gonzales,02-01-1979,Male,"695 Turner Trace, New Jillhaven, Palestinian Territory",9664 3012 1026
Image 214,Steven Jackson,03-09-1973,Male,"963 Porter Cape Apt. 219, New Tamaraburgh, Angola",9258 6014 9161
Image 215,Drew Crawford,12-07-1991,Female,"190 Joseph Glens, North Michaelstad, Cape Verde",9500 2747 9484
Image 216,Angela Lozano,26-08-1984,Female,"19649 Brown Views, East Anthonyside, Norfolk Island",9228 7134 4548
Image 217,Joseph Evans,25-06-1971,Male,"056 Keith Lock, South Shaun, Germany",9051 7927 8458
Image 218,Dana Horton,21-07-1975,Female,"07134 Roach Groves Suite 460, Edwardberg, Montenegro",9522 5534 9217
Image 219,Casey Davenport,19-03-1995,Female,"725 James Path, Steinfurt, Uzbekistan",9075 9264 2688
Image 220,Gabriel Sanchez,09-07-1976,Male,"4372 Chad Fords Apt. 761, East Stephentown, Mexico",9778 4023 7009
Image 221,Anthony Mclaughlin,03-05-1980,Male,"647 Peterson Shores Suite 192, Vegabury, Philippines",9487 9002 9688
Image 222,Kayla Wilson,23-07-1976,Female,"8465 Clarke Underpass, Jeffreyshire, Bosnia and Herzegovina",9846 4051 8728
Image 223,Danielle Burns,31-10-1972,Male,"205 Alyssa Unions, Ericabury, El Salvador",9391 8907 4836
Image 224,Antonio Stein,28-05-1975,Male,"58672 Russell Islands Apt. 018, Port Kimberlymouth, Montserrat",9607 1754 3173
Image 225,Michael Brown,04-12-2004,Male,"537 Jason Corner Suite 809, New Phillip, Nepal",9363 3484 8910
Image 226,Christopher Coleman,15-08-1982,Male,"18016 Solis Curve Apt. 446, Tinaport, Cameroon",9784 7917 7292
Image 227,Nicholas Walker,19-04-1976,Female,"64321 Smith Estate Suite 721, North Staceyville, Kyrgyz Republic",9370 8367 1931
Image 228,Katie Hall,23-06-1982,Female,"83750 Garrett Junctions Apt. 933, West Jerry, Monaco",9677 2734 1851
Image 229,Sheri Ramirez,11-03-2005,Male,"148 Moreno Pines Suite 351, New Jamietown, Iceland",9593 9338 6282
Image 230,Karla Alexander,21-07-1978,Female,"607 Vicki Viaduct, East Steve, Zambia",9424 1342 8168
Image 231,Heather Hartman,18-08-1980,Female,"78971 Finley Path, Karenton, Argentina",9578 2926 3816
Image 232,Jennifer Sanders,13-04-1988,Female,"2087 Smith Fork Apt. 023, East Seth, Mexico",9309 1636 6294
Image 233,Lindsey Boyd,02-03-1967,Female,"7912 Lowe Pine Suite 209, Shawnville, Isle of Man",9518 5950 9247
Image 234,Debra Kim,14-09-1971,Female,"0977 Brittany Village, Port Robert, Micronesia",9298 1909 6135
Image 235,Michael Benitez,23-12-1995,Male,"262 Ferrell Knolls Apt. 935, Matthewberg, Guinea-Bissau",9456 7439 4449
Image 236,Peter Jackson,04-10-1995,Female,"6780 Kayla Meadow, Sullivanton, Peru",9638 4529 9836
Image 237,Gary Moore,10-12-1994,Female,"93281 Angela Ports, Michaelview, Palestinian Territory",9959 9742 9253
Image 238,Angela Graham,02-04-1983,Female,"7596 Allison Spur Suite 566, Wongtown, Netherlands Antilles",9606 7137 9617
Image 239,Regina Waller,21-09-1970,Male,"8547 Jones Rapid, Bettyhaven, Togo",9512 5936 6959
Image 240,Robert Cooper IV,05-04-1973,Male,"18517 Aaron Harbor Apt. 754, Lake Angela, Switzerland",9833 5087 8867
Image 241,Anthony Bartlett,17-04-2002,Female,"124 Dylan Prairie, Jaredport, Rwanda",9766 9128 2797
Image 242,Travis Nicholson,19-04-1990,Female,"76383 Mark Lights, Lake William, Costa Rica",9772 9522 4035
Image 243,Tammy Richardson,18-06-2007,Male,"241 William Field Suite 189, North Christina, Benin",9395 2011 6448
Image 244,Danielle Murphy,27-02-1994,Female,"375 Reese Shores, Emilyborough, Benin",9712 3270 7600
Image 245,Kim Lewis,07-10-1973,Female,"62580 Moore Parkways, West Joshuachester, Denmark",9724 2171 2334
Image 246,Brooke Matthews,30-07-1969,Male,"826 Morales Village, Kimmouth, Saint Lucia",9911 7113 5986
Image 247,Charles Montgomery,21-09-1965,Male,"99375 Smith Springs Suite 608, Maynardfort, Solomon Islands",9253 3908 6063
Image 248,Audrey Best,13-09-1967,Male,"933 Brown Springs Suite 624, North Beverlytown, New Caledonia",9765 7531 9758
Image 249,Robert Freeman,05-02-1993,Female,"4352 Carolyn Manor, Brooksshire, Saint Helena",9035 3126 6146
Image 250,Jessica Jones,13-05-1971,Female,"676 Philip Rapid, Tonyaside, Tonga",9069 5075 9316
Image 251,Krista Hunt,23-01-1969,Male,"39852 Duncan Knolls Suite 177, North Matthewport, Cocos (Keeling) Islands",9094 6883 1394
Image 252,Rebecca Evans,21-12-1966,Male,"17617 Cindy Extensions Apt. 576, Fletcherfort, Israel",9157 2363 9275
Image 253,Frederick Brooks,08-10-1969,Female,"27588 Elliott Field Suite 770, Pottsborough, American Samoa",9188 5111 3297
Image 254,Erin Thomas,16-04-1979,Female,"353 Andrew Square, West Lauren, Trinidad and Tobago",9354 4593 6373
Image 255,Daniel Graham,12-05-1981,Female,"67603 Barker Fork, Garciatown, Croatia",9574 4989 8956
Image 256,Justin Willis,10-11-1966,Male,"36528 Mary Burgs Apt. 711, East Donald, Mali",9814 2347 8036
Image 257,Douglas Morse,19-06-1989,Male,"74737 Nancy Rapids Suite 897, Jonathanside, Egypt",9818 7315 1532
Image 258,Tammy Fuller,25-05-1993,Female,"35449 Hartman Mall Apt. 708, West Joshuamouth, Israel",9476 2370 9664
Image 259,Michael Mccoy,30-01-1992,Male,"3489 Paul Squares Apt. 055, Lake Andrew, Pitcairn Islands",9819 4013 1441
Image 260,Eugene Clark,29-06-1968,Male,"99044 Margaret Summit, West Kerry, Bahamas",9747 1692 6907
Image 261,Nathaniel Moore,18-02-1975,Male,"916 Karen Glens Suite 727, Brianborough, Azerbaijan",9955 2847 2980
Image 262,Jacqueline Wagner,01-02-2006,Female,"86207 Chapman Ridge, Jenniferland, Latvia",9916 2381 6206
Image 263,Juan Davis,28-10-1971,Female,"59678 Natalie Freeway, North Davidburgh, Guadeloupe",9771 1635 6501
Image 264,Gregory Wilcox,30-06-1986,Male,"46318 Sara Junctions, Lake James, Iraq",9779 9401 3118
Image 265,Melissa Pitts,20-07-2001,Female,"24005 Brian Parkways, Seanview, Gibraltar",9548 9089 2778
Image 266,Brett Mckinney,07-02-1970,Female,"62654 Jennifer Orchard Apt. 547, Arthurfurt, Malawi",9777 8221 4838
Image 267,Nicole Hopkins,07-08-1978,Male,"61621 Gardner Lodge Apt. 234, Ortizberg, Argentina",9971 1747 3543
Image 268,John Hall,05-08-1985,Female,"8608 Peterson Keys Apt. 692, Thomasborough, Macedonia",9757 8531 4241
Image 269,David Ramirez,18-12-1980,Female,"9275 Lopez Underpass Suite 441, East Craig, Jersey",9763 8301 6693
Image 270,Kelly Ross,02-11-1976,Female,"6837 Trevino Haven Apt. 871, North Carla, Monaco",9722 3554 3383
Image 271,Ashley Anderson,25-01-1975,Male,"30598 Jacobs Path, West Melvinland, Tonga",9471 4621 1348
Image 272,Kelly Scott,11-02-2004,Male,"187 Michael Crossroad Apt. 197, Florestown, Micronesia",9268 4720 7561
Image 273,Pamela Smith,06-02-1977,Male,"6894 Page Plaza, Port Williamfort, Gabon",9275 1622 2707
Image 274,James Edwards,24-05-1999,Female,"786 Key Fields, South Michaelmouth, Finland",9601 7395 6483
Image 275,Jessica Hernandez,09-10-2000,Female,"2003 Kirsten Burgs, Robinmouth, Grenada",9243 8299 2499
Image 276,Brent Elliott,23-10-1971,Female,"3084 Walter Courts Apt. 875, Port Carriestad, Libyan Arab Jamahiriya",9428 9577 5841
Image 277,Kelly Myers MD,22-08-2000,Female,"863 Campbell Knolls, Angelmouth, Botswana",9664 8565 4748
Image 278,Renee Montgomery,05-05-1991,Male,"99264 Jennifer Loaf, Nicholsonborough, Saint Pierre and Miquelon",9711 8286 3535
Image 279,Eric Peterson,01-01-2003,Female,"9811 Cody Avenue, Hernandeztown, Dominica",9482 6306 2552
Image 280,Heather Parker,19-06-1986,Female,"03982 Katherine Camp Suite 529, South Lindsey, Estonia",9828 6345 4843
Image 281,Jaime Smith,25-04-1982,Female,"5161 Thomas Run, Brownton, Morocco",9316 8107 8918
Image 282,Anthony Foster,07-01-1976,Female,"75740 Floyd Locks, Lisamouth, Montenegro",9119 7523 5798
Image 283,Lucas Rivera,15-03-1990,Male,"54419 Brad Pine, Robbinshaven, Cayman Islands",9745 2740 5581
Image 284,Molly Woods,30-03-1973,Male,"77979 Charles Glen Apt. 676, Sextonfort, Palau",9148 4528 2005
Image 285,Theresa Powell,22-05-1971,Male,"64949 Sanchez Burgs, Laceyville, Netherlands Antilles",9116 1847 1528
Image 286,Patrick Pierce,26-08-2001,Male,"74543 Russell Glen, Fosterton, Sri Lanka",9725 5351 6844
Image 287,Nicholas Smith,18-04-1972,Female,"48260 Watts Track, Moralesbury, Angola",9907 3139 6532
Image 288,Tara Adams,31-05-1997,Male,"6197 Daniel Row, Matthewfort, Czech Republic",9196 4806 1506
Image 289,Mathew Davidson,26-01-1997,Female,"8246 Murray Light, North Tammy, Mayotte",9561 2767 7748
Image 290,Danny Thornton,12-05-1982,Female,"0770 Howard Lights, Briannaland, Spain",9232 2346 3003
Image 291,Mr. Matthew Bush MD,22-10-1986,Female,"35296 Zhang Crossroad, North Garrett, Mexico",9031 7437 9286
Image 292,William Miller,12-10-1977,Female,"4422 Vickie Manor Suite 221, Jacquelineton, Gibraltar",9216 4282 9428
Image 293,Jessica Owens,19-01-1986,Female,"51734 Cody Square, West Christopherchester, Tuvalu",9006 8128 8935
Image 294,Danielle Yoder,28-11-1993,Female,"26852 Thomas Parkways Apt. 309, Lake Ricardoburgh, Philippines",9727 8163 6761
Image 295,Spencer Mercado,13-05-1982,Male,"898 Adam Crossing, Alvaradomouth, United States of America",9894 6094 2254
Image 296,Tiffany Flowers,01-01-2001,Male,"4165 Tina Curve, Rossmouth, Niger",9069 6890 4726
Image 297,Curtis Bryant,26-11-1986,Female,"26714 Kimberly Center, West Judithview, United States Minor Outlying Islands",9608 7850 9788
Image 298,Mathew Scott,07-02-1971,Male,"9036 Zachary Drive, Jessicaview, Kazakhstan",9907 5547 9705
Image 299,Amanda Walker,23-07-2002,Male,"108 Harrington Mount, New Michaelstad, Malaysia",9258 9071 1718
Image 300,Allen Graham,01-07-1977,Male,"2309 Jennings Flat Apt. 089, Kimberlyhaven, New Caledonia",9143 6008 7403
